start_year,buy_day,years,dca_cagr,dca_final,dca_maxdd,drop_pct,hyb_cagr,hyb_final,hyb_maxdd,hyb_events,diff_cagr,winner
1950,1,75.75906913073237,0.054998564952108975,52551042.39286345,0.5669223587687346,0.05,0.054529091526829054,50808553.2515598,0.5666031258183168,72,-0.0004694734252799204,DCA
1950,1,75.75906913073237,0.054998564952108975,52551042.39286345,0.5669223587687346,0.1,0.05449294005021299,50676763.2326249,0.5663848733247804,26,-0.0005056249018959846,DCA
1950,1,75.75906913073237,0.054998564952108975,52551042.39286345,0.5669223587687346,0.15,0.05401245897309903,48956879.55453941,0.5662740382122753,15,-0.0009861059790099436,DCA
1950,1,75.75906913073237,0.054998564952108975,52551042.39286345,0.5669223587687346,0.2,0.05444028221291286,50485402.67804666,0.5662966975340831,11,-0.0005582827391961143,DCA
1950,1,75.75906913073237,0.054998564952108975,52551042.39286345,0.5669223587687346,0.25,0.053812741101255,48259053.8552368,0.566067568673678,8,-0.0011858238508539731,DCA
1950,1,75.75906913073237,0.054998564952108975,52551042.39286345,0.5669223587687346,0.3,0.05385105686168856,48392166.03901207,0.5659076447800988,6,-0.0011475080904204127,DCA
1950,5,75.75906913073237,0.05495133354266479,52373104.508336686,0.5669144629818853,0.05,0.05449718765794698,50692230.35840448,0.5665980818633999,72,-0.0004541458847178159,DCA
1950,5,75.75906913073237,0.05495133354266479,52373104.508336686,0.5669144629818853,0.1,0.054464517799760026,50573386.97692084,0.5663797252631957,26,-0.00048681574290476703,DCA
1950,5,75.75906913073237,0.05495133354266479,52373104.508336686,0.5669144629818853,0.15,0.05398602320900059,48863942.82561386,0.5662688165906224,15,-0.0009653103336642044,DCA
1950,5,75.75906913073237,0.05495133354266479,52373104.508336686,0.5669144629818853,0.2,0.05441363364725871,50388832.70841346,0.5662915713154988,11,-0.0005376998954060852,DCA
1950,5,75.75906913073237,0.05495133354266479,52373104.508336686,0.5669144629818853,0.25,0.0537863997571868,48167751.45459672,0.5660619726414816,8,-0.001164933785477995,DCA
1950,5,75.75906913073237,0.05495133354266479,52373104.508336686,0.5669144629818853,0.3,0.053823465164266615,48296273.69990293,0.5659016279248354,6,-0.001127868378398178,DCA
1950,10,75.75906913073237,0.05494452678349604,52347510.03671673,0.5669409106948703,0.05,0.05449141806113622,50671222.23547709,0.5666111198119689,72,-0.00045310872235981847,DCA
1950,10,75.75906913073237,0.05494452678349604,52347510.03671673,0.5669409106948703,0.1,0.05444260059936168,50493812.75536873,0.5664162091473335,26,-0.0005019261841343603,DCA
1950,10,75.75906913073237,0.05494452678349604,52347510.03671673,0.5669409106948703,0.15,0.05397552617270818,48827088.08866705,0.5663077267369437,15,-0.0009690006107878624,DCA
1950,10,75.75906913073237,0.05494452678349604,52347510.03671673,0.5669409106948703,0.2,0.05440350383457804,50352171.78668774,0.5663087718899593,11,-0.0005410229489180018,DCA
1950,10,75.75906913073237,0.05494452678349604,52347510.03671673,0.5669409106948703,0.25,0.05377451654506382,48126618.56564923,0.5661012303917878,8,-0.0011700102384322175,DCA
1950,10,75.75906913073237,0.05494452678349604,52347510.03671673,0.5669409106948703,0.3,0.05381682320227399,48273218.20429965,0.5659246487904379,6,-0.0011277035812220504,DCA
1950,15,75.75906913073237,0.054945273183194754,52350316.012874715,0.5669232815667987,0.05,0.05448346410926308,50642274.57470317,0.5666016348700661,72,-0.0004618090739316738,DCA
1950,15,75.75906913073237,0.054945273183194754,52350316.012874715,0.5669232815667987,0.1,0.05443638517493565,50471269.06789823,0.5664041165683499,26,-0.0005088880082591007,DCA
1950,15,75.75906913073237,0.054945273183194754,52350316.012874715,0.5669232815667987,0.15,0.053967813509803175,48800026.674365826,0.5662978564865639,15,-0.0009774596733915786,DCA
1950,15,75.75906913073237,0.054945273183194754,52350316.012874715,0.5669232815667987,0.2,0.05440103315991163,50343234.133049764,0.5662932742841615,11,-0.0005442400232831268,DCA
1950,15,75.75906913073237,0.054945273183194754,52350316.012874715,0.5669232815667987,0.25,0.053769693431477306,48109933.59385036,0.5660915362426513,8,-0.0011755797517174482,DCA
1950,15,75.75906913073237,0.054945273183194754,52350316.012874715,0.5669232815667987,0.3,0.05380832152238679,48243723.12664195,0.5659144888219091,6,-0.001136951660807961,DCA
1950,20,75.75906913073237,0.054935880535379455,52315016.59717095,0.566914568120121,0.05,0.0544698488341997,50592760.930834316,0.5665965748593977,72,-0.0004660317011797588,DCA
1950,20,75.75906913073237,0.054935880535379455,52315016.59717095,0.566914568120121,0.1,0.05442742994291172,50438805.41030536,0.56639938356212,26,-0.0005084505924677352,DCA
1950,20,75.75906913073237,0.054935880535379455,52315016.59717095,0.566914568120121,0.15,0.05395915834413434,48769675.924798325,0.566269645616771,15,-0.0009767221912451163,DCA
1950,20,75.75906913073237,0.054935880535379455,52315016.59717095,0.566914568120121,0.2,0.054390378299530084,50304708.15721201,0.5662883216100235,11,-0.0005455022358493711,DCA
1950,20,75.75906913073237,0.054935880535379455,52315016.59717095,0.566914568120121,0.25,0.053758578184810224,48071503.48946822,0.5660668414839644,8,-0.0011773023505692315,DCA
1950,20,75.75906913073237,0.054935880535379455,52315016.59717095,0.566914568120121,0.3,0.05379785456436981,48207434.287761495,0.5658968946599992,6,-0.0011380259710096485,DCA
1950,25,75.75906913073237,0.05494861314997346,52362873.92821788,0.5669188908498216,0.05,0.05447068068019023,50595784.67175973,0.5665987784270732,72,-0.00047793246978322657,DCA
1950,25,75.75906913073237,0.05494861314997346,52362873.92821788,0.5669188908498216,0.1,0.05442811620426591,50441292.45067811,0.5664016784311123,26,-0.0005204969457075492,DCA
1950,25,75.75906913073237,0.05494861314997346,52362873.92821788,0.5669188908498216,0.15,0.053959560551511965,48771085.91776127,0.566267508654918,15,-0.0009890525984614928,DCA
1950,25,75.75906913073237,0.05494861314997346,52362873.92821788,0.5669188908498216,0.2,0.0543894851857607,50301480.147268035,0.5662904957476084,11,-0.0005591279642127578,DCA
1950,25,75.75906913073237,0.05494861314997346,52362873.92821788,0.5669188908498216,0.25,0.053763105230229646,48087151.74059621,0.5660605053257762,8,-0.0011855079197438112,DCA
1950,25,75.75906913073237,0.05494861314997346,52362873.92821788,0.5669188908498216,0.3,0.05380279549275557,48224561.079385035,0.5659001073678751,6,-0.0011458176572178846,DCA
1950,28,75.75906913073237,0.05493361971830768,52306523.5102759,0.5669229074068812,0.05,0.05445780778065079,50549011.94698465,0.5665992238242438,72,-0.00047581193765688923,DCA
1950,28,75.75906913073237,0.05493361971830768,52306523.5102759,0.5669229074068812,0.1,0.054419238748249166,50409129.51229668,0.5663795318556426,26,-0.0005143809700585145,DCA
1950,28,75.75906913073237,0.05493361971830768,52306523.5102759,0.5669229074068812,0.15,0.05395014436318868,48738086.732521914,0.5662693782072855,15,-0.0009834753551190012,DCA
1950,28,75.75906913073237,0.05493361971830768,52306523.5102759,0.5669229074068812,0.2,0.05438124556949164,50271709.07612986,0.5662924245774378,11,-0.0005523741488160372,DCA
1950,28,75.75906913073237,0.05493361971830768,52306523.5102759,0.5669229074068812,0.25,0.053753446819466255,48053772.4131285,0.5660622937878472,8,-0.001180172898841425,DCA
1950,28,75.75906913073237,0.05493361971830768,52306523.5102759,0.5669229074068812,0.3,0.05379315676193608,48191155.81269818,0.5659018181937101,6,-0.0011404629563716018,DCA
1960,1,65.75770020533881,0.054814850751729205,26402377.96240569,0.5660755453494642,0.05,0.05427204379697814,25523676.35836618,0.5654317104860185,59,-0.0005428069547510628,DCA
1960,1,65.75770020533881,0.054814850751729205,26402377.96240569,0.5660755453494642,0.1,0.05412909346937189,25297098.776772346,0.5649727927792632,22,-0.0006857572823573133,DCA
1960,1,65.75770020533881,0.054814850751729205,26402377.96240569,0.5660755453494642,0.15,0.05433181959408717,25619013.04481828,0.5648888417696926,14,-0.0004830311576420332,DCA
1960,1,65.75770020533881,0.054814850751729205,26402377.96240569,0.5660755453494642,0.2,0.05492122089882234,26578029.497833505,0.5649498092106123,10,0.00010637014709313775,HYBRID
1960,1,65.75770020533881,0.054814850751729205,26402377.96240569,0.5660755453494642,0.25,0.05449890650924205,25887364.785472143,0.5645674264701089,8,-0.0003159442424871539,DCA
1960,1,65.75770020533881,0.054814850751729205,26402377.96240569,0.5660755453494642,0.3,0.05487288284614711,26498065.531668425,0.5643368203399399,6,5.803209441790358e-05,HYBRID
1960,5,65.75770020533881,0.05478535167757559,26353868.260355294,0.566062251173439,0.05,0.05425347735452357,25494135.831833936,0.5654242052943801,59,-0.0005318743230520173,DCA
1960,5,65.75770020533881,0.05478535167757559,26353868.260355294,0.566062251173439,0.1,0.054111347524012476,25269109.868169326,0.5649649599130055,22,-0.0006740041535631125,DCA
1960,5,65.75770020533881,0.05478535167757559,26353868.260355294,0.566062251173439,0.15,0.05431620810148252,25594080.424419127,0.5648814276836531,14,-0.00046914357609306734,DCA
1960,5,65.75770020533881,0.05478535167757559,26353868.260355294,0.566062251173439,0.2,0.05490407869166569,26549644.58134423,0.5649423414437308,10,0.00011872701409010311,HYBRID
1960,5,65.75770020533881,0.05478535167757559,26353868.260355294,0.566062251173439,0.25,0.05448427097283148,25863749.03148194,0.5645600217460071,8,-0.00030108070474410553,DCA
1960,5,65.75770020533881,0.05478535167757559,26353868.260355294,0.566062251173439,0.3,0.054855705746615024,26469707.14436389,0.5643288392901714,6,7.035406903943553e-05,HYBRID
1960,10,65.75770020533881,0.05475555435907009,26304957.221043676,0.5661130864117344,0.05,0.05423866698586033,25470595.62864694,0.5654490702864021,59,-0.0005168873732097623,DCA
1960,10,65.75770020533881,0.05475555435907009,26304957.221043676,0.5661130864117344,0.1,0.05408644604312807,25229886.661375538,0.5650387661469387,22,-0.0006691083159420241,DCA
1960,10,65.75770020533881,0.05475555435907009,26304957.221043676,0.5661130864117344,0.15,0.05428850563217469,25549896.497420628,0.5649536551884026,14,-0.00046704872689540267,DCA
1960,10,65.75770020533881,0.05475555435907009,26304957.221043676,0.5661130864117344,0.2,0.05487762082176606,26505892.915663,0.5649725754318825,10,0.00012206646269596888,HYBRID
1960,10,65.75770020533881,0.05475555435907009,26304957.221043676,0.5661130864117344,0.25,0.05445393759371364,25814870.929636836,0.5646305122951849,8,-0.00030161676535644943,DCA
1960,10,65.75770020533881,0.05475555435907009,26304957.221043676,0.5661130864117344,0.3,0.05483690679555964,26438705.428419895,0.5643687799521974,6,8.135243648954571e-05,HYBRID
1960,15,65.75770020533881,0.054742933218934864,26284267.114398487,0.5660760477008431,0.05,0.05422636923591617,25451065.3513237,0.5654294544131804,59,-0.0005165639830186919,DCA
1960,15,65.75770020533881,0.054742933218934864,26284267.114398487,0.5660760477008431,0.1,0.054070898742612394,25205427.966027744,0.5650127162402032,22,-0.0006720344763224695,DCA
1960,15,65.75770020533881,0.054742933218934864,26284267.114398487,0.5660760477008431,0.15,0.05427879140811753,25534420.635555994,0.564934372054961,14,-0.0004641418108173312,DCA
1960,15,65.75770020533881,0.054742933218934864,26284267.114398487,0.5660760477008431,0.2,0.0548678693883029,26489785.515310116,0.5649414975186621,10,0.00012493616936803953,HYBRID
1960,15,65.75770020533881,0.054742933218934864,26284267.114398487,0.5660760477008431,0.25,0.05443870976797571,25790367.6735311,0.5646102457521238,8,-0.00030422345095915126,DCA
1960,15,65.75770020533881,0.054742933218934864,26284267.114398487,0.5660760477008431,0.3,0.054814129104271636,26401190.20187477,0.5643471141466972,6,7.119588533677224e-05,HYBRID
1960,20,65.75770020533881,0.05476031030468098,26312757.90497641,0.5660614757981917,0.05,0.054225421027993104,25449560.097846143,0.5654214162656617,58,-0.0005348892766878777,DCA
1960,20,65.75770020533881,0.05476031030468098,26312757.90497641,0.5660614757981917,0.1,0.05407395505871593,25210234.255366735,0.5650054305010337,22,-0.0006863552459650535,DCA
1960,20,65.75770020533881,0.05476031030468098,26312757.90497641,0.5660614757981917,0.15,0.05428254910500563,25540405.978237733,0.5648822781980781,14,-0.0004777611996753528,DCA
1960,20,65.75770020533881,0.05476031030468098,26312757.90497641,0.5660614757981917,0.2,0.05486669734547012,26487850.186092693,0.5649339343142933,10,0.00010638704078913541,HYBRID
1960,20,65.75770020533881,0.05476031030468098,26312757.90497641,0.5660614757981917,0.25,0.05443714901996577,25787857.55179538,0.5645658690186949,8,-0.0003231612847152121,DCA
1960,20,65.75770020533881,0.05476031030468098,26312757.90497641,0.5660614757981917,0.3,0.05481377937127596,26400614.594792463,0.5643169910271566,6,5.3469066594979964e-05,HYBRID
1960,25,65.75770020533881,0.05478360069135868,26350991.615282733,0.5660711922852518,0.05,0.05422753567247507,25452917.156905197,0.5654260961573504,58,-0.0005560650188836114,DCA
1960,25,65.75770020533881,0.05478360069135868,26350991.615282733,0.5660711922852518,0.1,0.05408046123525967,25220468.718289487,0.5650111767204821,22,-0.0007031394560990112,DCA
1960,25,65.75770020533881,0.05478360069135868,26350991.615282733,0.5660711922852518,0.15,0.05428310127963454,25541285.610616423,0.5648781857341596,14,-0.0005004994117241424,DCA
1960,25,65.75770020533881,0.05478360069135868,26350991.615282733,0.5660711922852518,0.2,0.05487453307268719,26500791.5340024,0.5649397588890647,10,9.093238132851234e-05,HYBRID
1960,25,65.75770020533881,0.05478360069135868,26350991.615282733,0.5660711922852518,0.25,0.05444630033977793,25802578.878821,0.5645547087587798,8,-0.00033730035158074934,DCA
1960,25,65.75770020533881,0.05478360069135868,26350991.615282733,0.5660711922852518,0.3,0.05482349819960408,26416614.902667113,0.5643239467308065,6,3.989750824540117e-05,HYBRID
1960,28,65.75770020533881,0.054783299297263666,26350496.494756896,0.5660811234652744,0.05,0.054224986865266445,25448870.905959602,0.5654288239284277,58,-0.000558312431997221,DCA
1960,28,65.75770020533881,0.054783299297263666,26350496.494756896,0.5660811234652744,0.1,0.054079707913945674,25219283.50582013,0.5649679913187485,22,-0.0007035913833179919,DCA
1960,28,65.75770020533881,0.054783299297263666,26350496.494756896,0.5660811234652744,0.15,0.054281487509708626,25538714.905762844,0.5648835165764537,14,-0.0005018117875550399,DCA
1960,28,65.75770020533881,0.054783299297263666,26350496.494756896,0.5660811234652744,0.2,0.05487501385172999,26501585.78284652,0.564945279331811,10,9.17145544663267e-05,HYBRID
1960,28,65.75770020533881,0.054783299297263666,26350496.494756896,0.5660811234652744,0.25,0.05444431431870611,25799383.350801878,0.5645599767199126,8,-0.00033898497855755494,DCA
1960,28,65.75770020533881,0.054783299297263666,26350496.494756896,0.5660811234652744,0.3,0.054821471514362674,26413277.54100781,0.564329123350612,6,3.817221709900842e-05,HYBRID
1970,1,55.761806981519506,0.05839722574843931,15868301.877192883,0.5649079969135774,0.05,0.05753111348779316,15160200.405296557,0.5637692034442162,51,-0.0008661122606461458,DCA
1970,1,55.761806981519506,0.05839722574843931,15868301.877192883,0.5649079969135774,0.1,0.057221508068017846,14914684.209345328,0.5629427001715256,19,-0.001175717680421462,DCA
1970,1,55.761806981519506,0.05839722574843931,15868301.877192883,0.5649079969135774,0.15,0.05723338739142436,14924032.027156185,0.5627366843137676,12,-0.0011638383570149458,DCA
1970,1,55.761806981519506,0.05839722574843931,15868301.877192883,0.5649079969135774,0.2,0.057808519639777955,15383551.178740837,0.5628101690243231,8,-0.0005887061086613521,DCA
1970,1,55.761806981519506,0.05839722574843931,15868301.877192883,0.5649079969135774,0.25,0.056597325963749334,14431521.823129445,0.5619014371349651,7,-0.0017998997846899734,DCA
1970,1,55.761806981519506,0.05839722574843931,15868301.877192883,0.5649079969135774,0.3,0.056931910662918916,14688570.949911691,0.5614385449029958,5,-0.0014653150855203911,DCA
1970,5,55.761806981519506,0.058370308304458884,15845813.918980237,0.5648866654900802,0.05,0.057513533044666776,15146153.496059142,0.5637572769859999,51,-0.0008567752597921086,DCA
1970,5,55.761806981519506,0.058370308304458884,15845813.918980237,0.5648866654900802,0.1,0.0572008800874666,14898465.748928359,0.5629291967416251,19,-0.0011694282169922854,DCA
1970,5,55.761806981519506,0.058370308304458884,15845813.918980237,0.5648866654900802,0.15,0.05721259455855532,14907673.961254545,0.5627230382012686,12,-0.0011577137459035658,DCA
1970,5,55.761806981519506,0.058370308304458884,15845813.918980237,0.5648866654900802,0.2,0.05779179220942354,15369992.181256667,0.5627979251296072,8,-0.0005785160950353418,DCA
1970,5,55.761806981519506,0.058370308304458884,15845813.918980237,0.5648866654900802,0.25,0.05657989911989425,14418255.148231186,0.5618877473488425,7,-0.0017904091845646342,DCA
1970,5,55.761806981519506,0.058370308304458884,15845813.918980237,0.5648866654900802,0.3,0.0569146817990116,14675225.53168503,0.5614247969902825,5,-0.0014556265054472828,DCA
1970,10,55.761806981519506,0.05834038297437871,15820849.784994388,0.5649732097667821,0.05,0.057499858851293384,15135236.548533065,0.5638002244267295,51,-0.0008405241230853289,DCA
1970,10,55.761806981519506,0.05834038297437871,15820849.784994388,0.5649732097667821,0.1,0.057181342777725463,14883120.78424148,0.5630587116924083,19,-0.0011590401966532493,DCA
1970,10,55.761806981519506,0.05834038297437871,15820849.784994388,0.5649732097667821,0.15,0.0571743817000796,14877657.176198112,0.5628473208105271,12,-0.001166001274299111,DCA
1970,10,55.761806981519506,0.05834038297437871,15820849.784994388,0.5649732097667821,0.2,0.05775549010469794,15340606.615279987,0.56284919035013,8,-0.0005848928696807754,DCA
1970,10,55.761806981519506,0.05834038297437871,15820849.784994388,0.5649732097667821,0.25,0.05653463259752245,14383850.670609735,0.5620131325363513,7,-0.0018057503768562633,DCA
1970,10,55.761806981519506,0.05834038297437871,15820849.784994388,0.5649732097667821,0.3,0.05689350018571293,14658834.645574542,0.5614981426012713,5,-0.001446882788665782,DCA
1970,15,55.761806981519506,0.05834100066931258,15821364.684242662,0.5649128138323029,0.05,0.05748842306644497,15126112.593790267,0.5637671998931579,51,-0.0008525776028676102,DCA
1970,15,55.761806981519506,0.05834100066931258,15821364.684242662,0.5649128138323029,0.1,0.05716635659230973,14871360.87691634,0.5630144296517468,19,-0.001174644077002851,DCA
1970,15,55.761806981519506,0.05834100066931258,15821364.684242662,0.5649128138323029,0.15,0.0571710124511402,14875013.42879502,0.5628156856583415,12,-0.0011699882181723797,DCA
1970,15,55.761806981519506,0.05834100066931258,15821364.684242662,0.5649128138323029,0.2,0.05775168835664357,15337532.397164786,0.5627964402117946,8,-0.0005893123126690103,DCA
1970,15,55.761806981519506,0.05834100066931258,15821364.684242662,0.5649128138323029,0.25,0.05653096777821043,14381068.782956256,0.5619804194486583,7,-0.0018100328911021535,DCA
1970,15,55.761806981519506,0.05834100066931258,15821364.684242662,0.5649128138323029,0.3,0.05686214455226013,14634603.83788747,0.5614563225913277,5,-0.0014788561170524517,DCA
1970,20,55.761806981519506,0.058343317179319065,15823295.831392678,0.5648852720418397,0.05,0.057478166323361224,15117933.923669508,0.5637513823220122,51,-0.0008651508559578414,DCA
1970,20,55.761806981519506,0.058343317179319065,15823295.831392678,0.5648852720418397,0.1,0.05715675680897703,14863832.563844917,0.5629983584648166,19,-0.001186560370342038,DCA
1970,20,55.761806981519506,0.058343317179319065,15823295.831392678,0.5648852720418397,0.15,0.05716780131839472,14872494.179771237,0.5627224225804988,12,-0.0011755158609243477,DCA
1970,20,55.761806981519506,0.058343317179319065,15823295.831392678,0.5648852720418397,0.2,0.05773587972204863,15324755.504263798,0.5627791182230986,8,-0.0006074374572704322,DCA
1970,20,55.761806981519506,0.058343317179319065,15823295.831392678,0.5648852720418397,0.25,0.05651350745221495,14367822.268586129,0.5618939914248882,7,-0.0018298097271041147,DCA
1970,20,55.761806981519506,0.058343317179319065,15823295.831392678,0.5648852720418397,0.3,0.05684767936348267,14623438.783940407,0.5613953591931808,5,-0.0014956378158363925,DCA
1970,25,55.761806981519506,0.05834961138629646,15828544.135081517,0.5648985825357196,0.05,0.057475919901585515,15116143.21922393,0.5637585323761658,51,-0.0008736914847109478,DCA
1970,25,55.761806981519506,0.05834961138629646,15828544.135081517,0.5648985825357196,0.1,0.05714716095441097,14856311.07222068,0.5630040023890623,19,-0.0012024504318854934,DCA
1970,25,55.761806981519506,0.05834961138629646,15828544.135081517,0.5648985825357196,0.15,0.05715973360085669,14866166.61414098,0.5627128917212926,12,-0.0011898777854397746,DCA
1970,25,55.761806981519506,0.05834961138629646,15828544.135081517,0.5648985825357196,0.2,0.05772706328154098,15317634.40032809,0.5627846045237069,8,-0.0006225481047554826,DCA
1970,25,55.761806981519506,0.05834961138629646,15828544.135081517,0.5648985825357196,0.25,0.0565143966992685,14368496.618296888,0.5618702825072585,7,-0.001835214687027964,DCA
1970,25,55.761806981519506,0.05834961138629646,15828544.135081517,0.5648985825357196,0.3,0.05684641147712366,14622460.55610687,0.5614041856908533,5,-0.0015031999091728032,DCA
1970,28,55.761806981519506,0.058348156218849034,15827330.619724726,0.5649153591927061,0.05,0.0574669588741874,15109002.131113984,0.5637619624782005,50,-0.0008811973446616328,DCA
1970,28,55.761806981519506,0.058348156218849034,15827330.619724726,0.5649153591927061,0.1,0.057146733196389965,14855975.870896606,0.562929500086391,19,-0.0012014230224590694,DCA
1970,28,55.761806981519506,0.058348156218849034,15827330.619724726,0.5649153591927061,0.15,0.05715690734124612,14863950.584916813,0.5627220786972401,12,-0.0011912488776029129,DCA
1970,28,55.761806981519506,0.058348156218849034,15827330.619724726,0.5649153591927061,0.2,0.05772933698317573,15319470.574854378,0.5627949289683254,8,-0.0006188192356733069,DCA
1970,28,55.761806981519506,0.058348156218849034,15827330.619724726,0.5649153591927061,0.25,0.05650941286711664,14364717.590698127,0.561879232749116,7,-0.001838743351732397,DCA
1970,28,55.761806981519506,0.058348156218849034,15827330.619724726,0.5649153591927061,0.3,0.056843619825468705,14620306.90556229,0.5614137616744296,5,-0.001504536393380329,DCA
1980,1,45.76317590691308,0.05844279978626643,7399816.161145602,0.5612970103567357,0.05,0.057643701626144406,7148424.916234117,0.5588302952721175,48,-0.0007990981601220248,DCA
1980,1,45.76317590691308,0.05844279978626643,7399816.161145602,0.5612970103567357,0.1,0.05654494105224983,6816356.333546473,0.556581371973555,17,-0.0018978587340165998,DCA
1980,1,45.76317590691308,0.05844279978626643,7399816.161145602,0.5612970103567357,0.15,0.05593572022229831,6638789.695546981,0.5557531451474553,11,-0.0025070795639681176,DCA
1980,1,45.76317590691308,0.05844279978626643,7399816.161145602,0.5612970103567357,0.2,0.05629597548078635,6743237.186751345,0.5557269327882489,6,-0.0021468243054800773,DCA
1980,1,45.76317590691308,0.05844279978626643,7399816.161145602,0.5612970103567357,0.25,0.05517791913575043,6424222.144030287,0.5536583327611367,5,-0.003264880650516,DCA
1980,1,45.76317590691308,0.05844279978626643,7399816.161145602,0.5612970103567357,0.3,0.05552428137360632,6521437.699463689,0.552478183920563,4,-0.0029185184126601094,DCA
1980,5,45.76317590691308,0.05842045994759815,7392672.109536943,0.5612516626896625,0.05,0.05762687138430067,7143221.089635468,0.5588055726909483,48,-0.000793588563297476,DCA
1980,5,45.76317590691308,0.05842045994759815,7392672.109536943,0.5612516626896625,0.1,0.056529551297664016,6811814.088260054,0.556554924531938,17,-0.001890908649934131,DCA
1980,5,45.76317590691308,0.05842045994759815,7392672.109536943,0.5612516626896625,0.15,0.055919594795246885,6634151.69944381,0.5557256341118217,11,-0.0025008651523512615,DCA
1980,5,45.76317590691308,0.05842045994759815,7392672.109536943,0.5612516626896625,0.2,0.05628049325430706,6738715.609861721,0.5556997564356413,6,-0.0021399666932910844,DCA
1980,5,45.76317590691308,0.05842045994759815,7392672.109536943,0.5612516626896625,0.25,0.05516204909194755,6419801.933534787,0.5536287032306892,5,-0.0032584108556505953,DCA
1980,5,45.76317590691308,0.05842045994759815,7392672.109536943,0.5612516626896625,0.3,0.05550853652912968,6516987.446810242,0.5524484652293168,4,-0.002911923418468465,DCA
1980,10,45.76317590691308,0.05840554749100835,7387907.01389727,0.5614514857007308,0.05,0.05761455922984182,7139416.580109554,0.5589000310864806,48,-0.0007909882611665253,DCA
1980,10,45.76317590691308,0.05840554749100835,7387907.01389727,0.5614514857007308,0.1,0.05651716255873085,6808159.73589015,0.556856523762633,17,-0.0018883849322774982,DCA
1980,10,45.76317590691308,0.05840554749100835,7387907.01389727,0.5614514857007308,0.15,0.05585604087541407,6615903.159391153,0.5560071481072663,11,-0.002549506615594277,DCA
1980,10,45.76317590691308,0.05840554749100835,7387907.01389727,0.5614514857007308,0.2,0.056220579500579015,6721245.754166594,0.5558097233811715,6,-0.0021849679904293318,DCA
1980,10,45.76317590691308,0.05840554749100835,7387907.01389727,0.5614514857007308,0.25,0.05514948437308065,6416304.450176723,0.553950911247546,5,-0.003256063117927699,DCA
1980,10,45.76317590691308,0.05840554749100835,7387907.01389727,0.5614514857007308,0.3,0.05549199926849746,6512316.417656407,0.552626644646526,4,-0.0029135482225108866,DCA
1980,15,45.76317590691308,0.05836319249410926,7374389.363935796,0.5613011139225934,0.05,0.05756735808493385,7124849.575854776,0.5588115212209152,48,-0.000795834409175411,DCA
1980,15,45.76317590691308,0.05836319249410926,7374389.363935796,0.5613011139225934,0.1,0.056446666491469344,6787401.722217937,0.5567251801571247,17,-0.0019165260026399178,DCA
1980,15,45.76317590691308,0.05836319249410926,7374389.363935796,0.5613011139225934,0.15,0.05582820736969096,6607926.660934462,0.5559176631261344,11,-0.0025349851244182986,DCA
1980,15,45.76317590691308,0.05836319249410926,7374389.363935796,0.5613011139225934,0.2,0.056192208229370655,6712988.625918365,0.5556671723903154,6,-0.002170984264738607,DCA
1980,15,45.76317590691308,0.05836319249410926,7374389.363935796,0.5613011139225934,0.25,0.05511986948842895,6408068.2976153465,0.5538554099823395,5,-0.0032433230056803097,DCA
1980,15,45.76317590691308,0.05836319249410926,7374389.363935796,0.5613011139225934,0.3,0.05546388707681893,6504383.507361871,0.5525310848631708,4,-0.002899305417290332,DCA
1980,20,45.76317590691308,0.058351827627060704,7370766.371065522,0.5612338936143104,0.05,0.05754216182370131,7117085.525235659,0.5587702438835005,48,-0.000809665803359394,DCA
1980,20,45.76317590691308,0.058351827627060704,7370766.371065522,0.5612338936143104,0.1,0.05641699239414932,6778682.522017516,0.5566776826910566,17,-0.0019348352329113805,DCA
1980,20,45.76317590691308,0.058351827627060704,7370766.371065522,0.5612338936143104,0.15,0.05581551181430733,6604291.505870921,0.5556894888083312,11,-0.002536315812753376,DCA
1980,20,45.76317590691308,0.058351827627060704,7370766.371065522,0.5612338936143104,0.2,0.05614489655311794,6699241.177532054,0.5556075625409994,6,-0.002206931073942764,DCA
1980,20,45.76317590691308,0.058351827627060704,7370766.371065522,0.5612338936143104,0.25,0.0550677001662756,6393584.709831833,0.5536262542256482,5,-0.0032841274607851023,DCA
1980,20,45.76317590691308,0.058351827627060704,7370766.371065522,0.5612338936143104,0.3,0.055420113202270915,6492049.879740893,0.5523607397882665,4,-0.0029317144247897886,DCA
1980,25,45.76317590691308,0.05833049348720909,7363969.986415803,0.5612560226967884,0.05,0.057521769737526984,7110807.907157109,0.5587796926525574,48,-0.0008087237496821054,DCA
1980,25,45.76317590691308,0.05833049348720909,7363969.986415803,0.5612560226967884,0.1,0.056387372618791565,6769990.209660158,0.5566823792509783,17,-0.001943120868417525,DCA
1980,25,45.76317590691308,0.05833049348720909,7363969.986415803,0.5612560226967884,0.15,0.05576371939646596,6589481.889837048,0.5556422292025724,11,-0.002566774090743129,DCA
1980,25,45.76317590691308,0.05833049348720909,7363969.986415803,0.5612560226967884,0.2,0.056128927609109036,6694607.268536947,0.5556184979582305,6,-0.0022015658781000536,DCA
1980,25,45.76317590691308,0.05833049348720909,7363969.986415803,0.5612560226967884,0.25,0.05505390699497781,6389760.714856953,0.5535585632031734,5,-0.0032765864922312815,DCA
1980,25,45.76317590691308,0.05833049348720909,7363969.986415803,0.5612560226967884,0.3,0.0554008730083726,6486636.04623981,0.5523713933844023,4,-0.002929620478836492,DCA
1980,28,45.76317590691308,0.05831969028069972,7360530.763576103,0.5612920650667957,0.05,0.05750338601003868,7105153.19638608,0.5587844213091415,48,-0.0008163042706610391,DCA
1980,28,45.76317590691308,0.05831969028069972,7360530.763576103,0.5612920650667957,0.1,0.056375519047139555,6766514.678711722,0.5565037878909295,17,-0.0019441712335601657,DCA
1980,28,45.76317590691308,0.05831969028069972,7360530.763576103,0.5612920650667957,0.15,0.05575536399733516,6587095.777052674,0.5556621518096152,11,-0.0025643262833645597,DCA
1980,28,45.76317590691308,0.05831969028069972,7360530.763576103,0.5612920650667957,0.2,0.056120645736965846,6692205.248514415,0.5556381786245161,6,-0.0021990445437338746,DCA
1980,28,45.76317590691308,0.05831969028069972,7360530.763576103,0.5612920650667957,0.25,0.055045468709744805,6387422.402294645,0.5535792815030798,5,-0.003274221570954916,DCA
1980,28,45.76317590691308,0.05831969028069972,7360530.763576103,0.5612920650667957,0.3,0.055392477739976576,6484275.157583815,0.5523917869982758,4,-0.0029272125407231453,DCA
1990,1,35.761806981519506,0.05344020756799983,2767190.086288718,0.5466453267450377,0.05,0.052383291067235715,2669615.797451687,0.5386962614390294,36,-0.0010569165007641157,DCA
1990,1,35.761806981519506,0.05344020756799983,2767190.086288718,0.5466453267450377,0.1,0.05000902157719911,2462461.9118571677,0.5291147289993463,13,-0.0034311859908007225,DCA
1990,1,35.761806981519506,0.05344020756799983,2767190.086288718,0.5466453267450377,0.15,0.04983186931529637,2447648.0030981363,0.527195687817212,8,-0.003608338252703458,DCA
1990,1,35.761806981519506,0.05344020756799983,2767190.086288718,0.5466453267450377,0.2,0.04895914409339408,2375923.9925864837,0.5241452737558386,4,-0.004481063474605751,DCA
1990,1,35.761806981519506,0.05344020756799983,2767190.086288718,0.5466453267450377,0.25,0.04946988239714667,2417646.631671107,0.520011466029775,4,-0.003970325170853162,DCA
1990,1,35.761806981519506,0.05344020756799983,2767190.086288718,0.5466453267450377,0.3,0.050478229407725284,2502120.5828986606,0.5171301364991887,3,-0.0029619781602745476,DCA
1990,5,35.761806981519506,0.05342734600453891,2765982.132929928,0.5465118910447838,0.05,0.05236502902156359,2667959.5976947816,0.5386216148835155,36,-0.0010623169829753198,DCA
1990,5,35.761806981519506,0.05342734600453891,2765982.132929928,0.5465118910447838,0.1,0.04999782282269338,2461522.8695360105,0.5290380230344393,13,-0.0034295231818455285,DCA
1990,5,35.761806981519506,0.05342734600453891,2765982.132929928,0.5465118910447838,0.15,0.04981881120988674,2446559.4867700282,0.5271186113242623,8,-0.003608534794652174,DCA
1990,5,35.761806981519506,0.05342734600453891,2765982.132929928,0.5465118910447838,0.2,0.048947877022272435,2375011.512524745,0.5240637010974515,4,-0.004479468982266477,DCA
1990,5,35.761806981519506,0.05342734600453891,2765982.132929928,0.5465118910447838,0.25,0.049458648066739386,2416721.2760032006,0.5199307233262921,4,-0.003968697937799526,DCA
1990,5,35.761806981519506,0.05342734600453891,2765982.132929928,0.5465118910447838,0.3,0.05046705712937527,2501169.0975554003,0.5170521641559191,3,-0.0029602888751636414,DCA
1990,10,35.761806981519506,0.05344649045233618,2767780.358914364,0.5473439768312806,0.05,0.05236285452556011,2667762.4574405435,0.5391125083288729,36,-0.001083635926776072,DCA
1990,10,35.761806981519506,0.05344649045233618,2767780.358914364,0.5473439768312806,0.1,0.050003296049630164,2461981.769194571,0.5304887313780003,13,-0.003443194402706018,DCA
1990,10,35.761806981519506,0.05344649045233618,2767780.358914364,0.5473439768312806,0.15,0.049818982558326175,2446573.7672324236,0.5285700310947853,8,-0.003627507894010007,DCA
1990,10,35.761806981519506,0.05344649045233618,2767780.358914364,0.5473439768312806,0.2,0.04894422773182949,2374716.042495862,0.5250270232444293,4,-0.004502262720506689,DCA
1990,10,35.761806981519506,0.05344649045233618,2767780.358914364,0.5473439768312806,0.25,0.049464403571247706,2417195.305630307,0.5214840735406513,4,-0.003982086881088476,DCA
1990,10,35.761806981519506,0.05344649045233618,2767780.358914364,0.5473439768312806,0.3,0.05045890287503996,2500474.863792045,0.5180551994876779,3,-0.0029875875772962246,DCA
1990,15,35.761806981519506,0.05337320271914425,2760902.633397459,0.5466446163331485,0.05,0.05232483632746576,2664318.006867335,0.5386278400840595,35,-0.0010483663916784902,DCA
1990,15,35.761806981519506,0.05337320271914425,2760902.633397459,0.5466446163331485,0.1,0.049956803699694685,2458086.289638566,0.5296364123676597,13,-0.0034163990194495675,DCA
1990,15,35.761806981519506,0.05337320271914425,2760902.633397459,0.5466446163331485,0.15,0.04977242231970491,2442696.3386677243,0.5277951980129139,8,-0.0036007803994393406,DCA
1990,15,35.761806981519506,0.05337320271914425,2760902.633397459,0.5466446163331485,0.2,0.04889370253627767,2370628.86779686,0.5239514451385787,4,-0.00447950018286658,DCA
1990,15,35.761806981519506,0.05337320271914425,2760902.633397459,0.5466446163331485,0.25,0.04941324397682223,2412984.91248181,0.5206139621287811,4,-0.003959958742322023,DCA
1990,15,35.761806981519506,0.05337320271914425,2760902.633397459,0.5466446163331485,0.3,0.050413032422750526,2496573.051942882,0.5172406289046579,3,-0.002960170296393727,DCA
1990,20,35.761806981519506,0.0533939948719242,2762852.1940042954,0.5464531158897087,0.05,0.052319771442062235,2663859.454449786,0.538521282648817,35,-0.0010742234298619646,DCA
1990,20,35.761806981519506,0.0533939948719242,2762852.1940042954,0.5464531158897087,0.1,0.04989745563583603,2453122.3659699764,0.5294172349788849,13,-0.0034965392360881697,DCA
1990,20,35.761806981519506,0.0533939948719242,2762852.1940042954,0.5464531158897087,0.15,0.04977108876443559,2442585.3713196064,0.5270560375082484,8,-0.0036229061074886104,DCA
1990,20,35.761806981519506,0.0533939948719242,2762852.1940042954,0.5464531158897087,0.2,0.04890079693639615,2371202.347801874,0.5238494062678097,4,-0.004493197935528048,DCA
1990,20,35.761806981519506,0.0533939948719242,2762852.1940042954,0.5464531158897087,0.25,0.049407804964585855,2412537.705645388,0.5199646359933106,4,-0.0039861899073383444,DCA
1990,20,35.761806981519506,0.0533939948719242,2762852.1940042954,0.5464531158897087,0.3,0.05042717239923378,2497775.1888606204,0.5167910885278861,3,-0.0029668224726904224,DCA
1990,25,35.761806981519506,0.05339037131618851,2762512.3377639754,0.5465539197138954,0.05,0.05229581403030559,2661691.495324357,0.5385623924559507,35,-0.0010945572858829244,DCA
1990,25,35.761806981519506,0.05339037131618851,2762512.3377639754,0.5465539197138954,0.1,0.04988307382525581,2451920.9263458764,0.5294844024344602,13,-0.0035072974909327037,DCA
1990,25,35.761806981519506,0.05339037131618851,2762512.3377639754,0.5465539197138954,0.15,0.049690285005200785,2435870.6923173894,0.526849472711668,8,-0.003700086310987727,DCA
1990,25,35.761806981519506,0.05339037131618851,2762512.3377639754,0.5465539197138954,0.2,0.048893708562511184,2370629.3548737788,0.52392411079185,4,-0.004496662753677327,DCA
1990,25,35.761806981519506,0.05339037131618851,2762512.3377639754,0.5465539197138954,0.25,0.04940893471085461,2412630.58909077,0.5197677241750007,4,-0.003981436605333899,DCA
1990,25,35.761806981519506,0.05339037131618851,2762512.3377639754,0.5465539197138954,0.3,0.050409626536399355,2496283.5781117165,0.5168664435776426,3,-0.0029807447797891573,DCA
1990,28,35.761806981519506,0.05334044766801327,2757834.092902978,0.546643027262691,0.05,0.05225634897056053,2658123.9538870766,0.538557084191337,35,-0.00108409869745274,DCA
1990,28,35.761806981519506,0.05334044766801327,2757834.092902978,0.546643027262691,0.1,0.049839465669317295,2448281.4474683637,0.5288271239663309,13,-0.0035009819986959734,DCA
1990,28,35.761806981519506,0.05334044766801327,2757834.092902978,0.546643027262691,0.15,0.04965911207031182,2433285.0642770748,0.5268844844236127,8,-0.0036813355977014517,DCA
1990,28,35.761806981519506,0.05334044766801327,2757834.092902978,0.546643027262691,0.2,0.04886190986500516,2368060.543946148,0.5239585228389444,4,-0.004478537803008109,DCA
1990,28,35.761806981519506,0.05334044766801327,2757834.092902978,0.546643027262691,0.25,0.04937755480632444,2410051.944752577,0.5197981941516392,4,-0.003962892861688827,DCA
1990,28,35.761806981519506,0.05334044766801327,2757834.092902978,0.546643027262691,0.3,0.05037904041157204,2493685.457208646,0.5168934123783483,3,-0.0029614072564412286,DCA
1995,1,30.759753593429156,0.05209351470327728,1764362.818248538,0.5262664355707882,0.05,0.050429177209339704,1680499.9414016546,0.5098375812753579,28,-0.0016643374939375732,DCA
1995,1,30.759753593429156,0.05209351470327728,1764362.818248538,0.5262664355707882,0.1,0.049743386812650225,1647077.9051595475,0.49780919295960085,11,-0.0023501278906270517,DCA
1995,1,30.759753593429156,0.05209351470327728,1764362.818248538,0.5262664355707882,0.15,0.0496103904087597,1640671.192629114,0.492897825242278,7,-0.00248312429451758,DCA
1995,1,30.759753593429156,0.05209351470327728,1764362.818248538,0.5262664355707882,0.2,0.0498710542925862,1653250.6775228188,0.49063640981233897,4,-0.002222460410691074,DCA
1995,1,30.759753593429156,0.05209351470327728,1764362.818248538,0.5262664355707882,0.25,0.05057201176542003,1687543.0898565326,0.48325638234550256,4,-0.0015215029378572442,DCA
1995,1,30.759753593429156,0.05209351470327728,1764362.818248538,0.5262664355707882,0.3,0.051727080836010186,1745558.2677205435,0.4780640621256102,3,-0.0003664338672670908,DCA
1995,5,30.759753593429156,0.05202223892348945,1760689.820592811,0.5258935840929969,0.05,0.050381957329885374,1678177.7982846398,0.5096209023080842,28,-0.001640281593604076,DCA
1995,5,30.759753593429156,0.05202223892348945,1760689.820592811,0.5258935840929969,0.1,0.049700404782748286,1645004.729062928,0.49758519409086965,11,-0.0023218341407411636,DCA
1995,5,30.759753593429156,0.05202223892348945,1760689.820592811,0.5258935840929969,0.15,0.04956407709901911,1638445.8494895014,0.4926475474389411,7,-0.0024581618244703396,DCA
1995,5,30.759753593429156,0.05202223892348945,1760689.820592811,0.5258935840929969,0.2,0.04982818034158343,1651175.2134078774,0.49037917073657905,4,-0.002194058581906022,DCA
1995,5,30.759753593429156,0.05202223892348945,1760689.820592811,0.5258935840929969,0.25,0.050529767946037474,1685457.0853273273,0.48299073364080286,4,-0.0014924709774519762,DCA
1995,5,30.759753593429156,0.05202223892348945,1760689.820592811,0.5258935840929969,0.3,0.05168584759317718,1743454.449051349,0.47779992408353544,3,-0.000336391330312269,DCA
1995,10,30.759753593429156,0.05205843554032774,1762554.1863884525,0.5282858211525988,0.05,0.05039302554117131,1678721.823597682,0.5113781306308298,28,-0.0016654099991564308,DCA
1995,10,30.759753593429156,0.05205843554032774,1762554.1863884525,0.5282858211525988,0.1,0.049713309798966154,1645626.918511608,0.5015978528578114,11,-0.0023451257413615867,DCA
1995,10,30.759753593429156,0.05205843554032774,1762554.1863884525,0.5282858211525988,0.15,0.04956770780732356,1638620.198585572,0.49600103683472074,7,-0.0024907277330041833,DCA
1995,10,30.759753593429156,0.05205843554032774,1762554.1863884525,0.5282858211525988,0.2,0.04982463431633022,1651003.6685189325,0.4926977408697584,4,-0.0022338012239975225,DCA
1995,10,30.759753593429156,0.05205843554032774,1762554.1863884525,0.5282858211525988,0.25,0.05054194414081614,1686058.0911472768,0.48636072843185524,4,-0.0015164913995115992,DCA
1995,10,30.759753593429156,0.05205843554032774,1762554.1863884525,0.5282858211525988,0.3,0.0516749346676717,1742898.0561717877,0.4801983776443905,3,-0.0003835008726560396,DCA
1995,15,30.759753593429156,0.051986788719875054,1758865.749440577,0.5260910729702228,0.05,0.05035904900621446,1677052.3489495988,0.5095519927486621,28,-0.001627739713660592,DCA
1995,15,30.759753593429156,0.051986788719875054,1758865.749440577,0.5260910729702228,0.1,0.0496682325461546,1643454.6000532834,0.4987751183370444,11,-0.002318556173720454,DCA
1995,15,30.759753593429156,0.051986788719875054,1758865.749440577,0.5260910729702228,0.15,0.04952274218903385,1636462.1837057846,0.4937701746120666,7,-0.002464046530841202,DCA
1995,15,30.759753593429156,0.051986788719875054,1758865.749440577,0.5260910729702228,0.2,0.0497749671850265,1648602.749509767,0.49004751102973026,4,-0.002211821534848557,DCA
1995,15,30.759753593429156,0.051986788719875054,1758865.749440577,0.5260910729702228,0.25,0.050490840046801155,1683537.0301348595,0.48406891141600117,4,-0.0014959486730738991,DCA
1995,15,30.759753593429156,0.051986788719875054,1758865.749440577,0.5260910729702228,0.3,0.05163172153640905,1740696.5315744274,0.4779962111790162,3,-0.00035506718346600685,DCA
1995,20,30.759753593429156,0.0519914282804661,1759104.371511087,0.5256723240934843,0.05,0.05033821797299498,1676029.587509931,0.5092903521876802,28,-0.0016532103074711202,DCA
1995,20,30.759753593429156,0.0519914282804661,1759104.371511087,0.5256723240934843,0.1,0.04966429792237115,1643265.118254334,0.49859080170013625,11,-0.002327130358094953,DCA
1995,20,30.759753593429156,0.0519914282804661,1759104.371511087,0.5256723240934843,0.15,0.04950519948107135,1635621.0101840047,0.49235893989048224,7,-0.002486228799394752,DCA
1995,20,30.759753593429156,0.0519914282804661,1759104.371511087,0.5256723240934843,0.2,0.04977100698536718,1648411.458145961,0.4898194689587195,4,-0.0022204212950989177,DCA
1995,20,30.759753593429156,0.0519914282804661,1759104.371511087,0.5256723240934843,0.25,0.050466307666908516,1682328.0976989805,0.4828654613404583,4,-0.0015251206135575845,DCA
1995,20,30.759753593429156,0.0519914282804661,1759104.371511087,0.5256723240934843,0.3,0.051640583448624655,1741147.788769156,0.4771179281709598,3,-0.0003508448318414459,DCA
1995,25,30.759753593429156,0.051955552578414776,1757260.0259123612,0.5258320778581355,0.05,0.050290882882827015,1673707.7738019056,0.5093394684497381,28,-0.0016646696955877616,DCA
1995,25,30.759753593429156,0.051955552578414776,1757260.0259123612,0.5258320778581355,0.1,0.04962632479540652,1641437.5118925152,0.4986989728811238,11,-0.0023292277830082586,DCA
1995,25,30.759753593429156,0.051955552578414776,1757260.0259123612,0.5258320778581355,0.15,0.04948730196949436,1634763.2549205308,0.4922140421584759,7,-0.0024682506089204193,DCA
1995,25,30.759753593429156,0.051955552578414776,1757260.0259123612,0.5258320778581355,0.2,0.04974543761421746,1647176.8857662885,0.489907146826108,4,-0.0022101149641973183,DCA
1995,25,30.759753593429156,0.051955552578414776,1757260.0259123612,0.5258320778581355,0.25,0.050454823274047156,1681762.446364985,0.48245358743232164,4,-0.0015007293043676206,DCA
1995,25,30.759753593429156,0.051955552578414776,1757260.0259123612,0.5258320778581355,0.3,0.05159855150004522,1739008.4852103568,0.4772018933636216,3,-0.0003570010783695565,DCA
1995,28,30.759753593429156,0.05192563223432045,1755723.272155358,0.5260674385385091,0.05,0.05025242340495506,1671823.6056517703,0.5093412817786103,28,-0.0016732088293653913,DCA
1995,28,30.759753593429156,0.05192563223432045,1755723.272155358,0.5260674385385091,0.1,0.04958480360365991,1639441.3916914624,0.4973768472980856,11,-0.002340828630660541,DCA
1995,28,30.759753593429156,0.05192563223432045,1755723.272155358,0.5260674385385091,0.15,0.049467590612744194,1633819.072998096,0.4923410580445987,7,-0.002458041621576257,DCA
1995,28,30.759753593429156,0.05192563223432045,1755723.272155358,0.5260674385385091,0.2,0.04972581156825839,1646229.883335304,0.4900360668966151,4,-0.002199820666062058,DCA
1995,28,30.759753593429156,0.05192563223432045,1755723.272155358,0.5260674385385091,0.25,0.05043542300974413,1680807.325292508,0.4825813785754396,4,-0.001490209224576322,DCA
1995,28,30.759753593429156,0.05192563223432045,1755723.272155358,0.5260674385385091,0.3,0.05157950662065858,1738039.993804709,0.4773254233796374,3,-0.000346125613661874,DCA
2000,1,25.760438056125942,0.05595415453475616,1260285.3272202234,0.4871517876928124,0.05,0.05364621718767526,1191214.578722668,0.45390618940498184,19,-0.0023079373470809017,DCA
2000,1,25.760438056125942,0.05595415453475616,1260285.3272202234,0.4871517876928124,0.1,0.05341992594756184,1184641.6055529127,0.448784969044363,8,-0.0025342285871943204,DCA
2000,1,25.760438056125942,0.05595415453475616,1260285.3272202234,0.4871517876928124,0.15,0.05328755633678828,1180812.903952499,0.446565319097234,6,-0.0026665981979678843,DCA
2000,1,25.760438056125942,0.05595415453475616,1260285.3272202234,0.4871517876928124,0.2,0.05430118444157861,1210437.2548606996,0.42906772397271215,4,-0.0016529700931775526,DCA
2000,1,25.760438056125942,0.05595415453475616,1260285.3272202234,0.4871517876928124,0.25,0.05523377467183921,1238323.171881507,0.41581665683999347,4,-0.0007203798629169533,DCA
2000,1,25.760438056125942,0.05595415453475616,1260285.3272202234,0.4871517876928124,0.3,0.0563826227076496,1273525.0476456785,0.3989747718146565,3,0.00042846817289343697,HYBRID
2000,5,25.760438056125942,0.0559273622561447,1259461.8524498993,0.48663711450206576,0.05,0.053617913707723064,1190390.5471649182,0.45363395948879687,19,-0.002309448548421633,DCA
2000,5,25.760438056125942,0.0559273622561447,1259461.8524498993,0.48663711450206576,0.1,0.053399793001250195,1184058.5052374005,0.448506503193902,8,-0.0025275692548945017,DCA
2000,5,25.760438056125942,0.0559273622561447,1259461.8524498993,0.48663711450206576,0.15,0.05326206451695681,1180076.937361554,0.4464418394529163,6,-0.0026652977391878885,DCA
2000,5,25.760438056125942,0.0559273622561447,1259461.8524498993,0.48663711450206576,0.2,0.05428119195501302,1209846.1075867615,0.42894574889419285,4,-0.0016461703011316775,DCA
2000,5,25.760438056125942,0.0559273622561447,1259461.8524498993,0.48663711450206576,0.25,0.05521393256885476,1237723.4841515059,0.4157395385521891,4,-0.0007134296872899348,DCA
2000,5,25.760438056125942,0.0559273622561447,1259461.8524498993,0.48663711450206576,0.3,0.05636296373007399,1272914.6675557564,0.3988621899421246,3,0.0004356014739292924,HYBRID
2000,10,25.760438056125942,0.05599671243553361,1261594.43067203,0.49212187047930084,0.05,0.05364455709542271,1191166.2314273962,0.45791863847909464,19,-0.0023521553401109063,DCA
2000,10,25.760438056125942,0.05599671243553361,1261594.43067203,0.49212187047930084,0.1,0.05342888897460574,1184901.2859407428,0.4561296610061008,8,-0.002567823460927876,DCA
2000,10,25.760438056125942,0.05599671243553361,1261594.43067203,0.49212187047930084,0.15,0.053275708213532225,1180470.7855265662,0.4540697755621395,6,-0.0027210042220013886,DCA
2000,10,25.760438056125942,0.05599671243553361,1261594.43067203,0.49212187047930084,0.2,0.054282574723437005,1209886.9850015794,0.4347633604827126,4,-0.0017141377120966084,DCA
2000,10,25.760438056125942,0.05599671243553361,1261594.43067203,0.49212187047930084,0.25,0.0552409315355713,1238539.542245161,0.42346661073477776,4,-0.0007557808999623106,DCA
2000,10,25.760438056125942,0.05599671243553361,1261594.43067203,0.49212187047930084,0.3,0.05635226774118984,1272582.6921793888,0.4050927886671778,3,0.00035555530565622995,HYBRID
2000,15,25.760438056125942,0.05593618148573021,1259732.8589910993,0.48685448554044863,0.05,0.053621964355134555,1190508.4446876962,0.4531899452222918,19,-0.0023142171305956527,DCA
2000,15,25.760438056125942,0.05593618148573021,1259732.8589910993,0.48685448554044863,0.1,0.05340302473563674,1184152.0857309685,0.450526691972392,8,-0.002533156750093468,DCA
2000,15,25.760438056125942,0.05593618148573021,1259732.8589910993,0.48685448554044863,0.15,0.05323555578208272,1179312.0793662579,0.45320925503336257,6,-0.0027006257036474857,DCA
2000,15,25.760438056125942,0.05593618148573021,1259732.8589910993,0.48685448554044863,0.2,0.0542348925268632,1208478.1694983146,0.43348924365536834,4,-0.0017012889588670088,DCA
2000,15,25.760438056125942,0.05593618148573021,1259732.8589910993,0.48685448554044863,0.25,0.0551904200429465,1237013.2266226886,0.42282069455231064,4,-0.00074576144278371,DCA
2000,15,25.760438056125942,0.05593618148573021,1259732.8589910993,0.48685448554044863,0.3,0.05631366706547092,1271385.3206271515,0.40415674924067974,3,0.0003774855797407106,HYBRID
2000,20,25.760438056125942,0.056034178862931494,1262747.9994626548,0.4864476094219073,0.05,0.053663896207612805,1191729.566396267,0.45306586519623876,19,-0.0023702826553186895,DCA
2000,20,25.760438056125942,0.056034178862931494,1262747.9994626548,0.4864476094219073,0.1,0.05344736997021782,1185436.8974290953,0.4504493773489834,8,-0.0025868088927136768,DCA
2000,20,25.760438056125942,0.056034178862931494,1262747.9994626548,0.4864476094219073,0.15,0.053257467675504655,1179944.2702775085,0.44599965122396407,6,-0.002776711187426839,DCA
2000,20,25.760438056125942,0.056034178862931494,1262747.9994626548,0.4864476094219073,0.2,0.05427805351056936,1209753.333784464,0.43019330674316686,4,-0.0017561253523621367,DCA
2000,20,25.760438056125942,0.056034178862931494,1262747.9994626548,0.4864476094219073,0.25,0.05519903358543732,1237273.3757889841,0.4158852376866539,4,-0.0008351452774941759,DCA
2000,20,25.760438056125942,0.056034178862931494,1262747.9994626548,0.4864476094219073,0.3,0.05637585889820418,1273315.01034657,0.3995988827072431,3,0.00034168003527268453,HYBRID
2000,25,25.760438056125942,0.05597324018851202,1260872.2504301404,0.48672088648552303,0.05,0.053606317694754324,1190053.0974341112,0.4532014074966198,19,-0.002366922493757695,DCA
2000,25,25.760438056125942,0.05597324018851202,1260872.2504301404,0.48672088648552303,0.1,0.05338673408195649,1183680.4338924766,0.4506333966251205,8,-0.0025865061065555306,DCA
2000,25,25.760438056125942,0.05597324018851202,1260872.2504301404,0.48672088648552303,0.15,0.053230169494681956,1179156.7267736194,0.4460821415866985,6,-0.002743070693830063,DCA
2000,25,25.760438056125942,0.05597324018851202,1260872.2504301404,0.48672088648552303,0.2,0.05423840721906936,1208581.9605448104,0.4300602284280281,4,-0.0017348329694426567,DCA
2000,25,25.760438056125942,0.05597324018851202,1260872.2504301404,0.48672088648552303,0.25,0.05518248357396027,1236773.573202269,0.41554728804611024,4,-0.0007907566145517464,DCA
2000,25,25.760438056125942,0.05597324018851202,1260872.2504301404,0.48672088648552303,0.3,0.056309334378436215,1271250.9906923352,0.39798941221166084,3,0.0003360941899241965,HYBRID
2000,28,25.760438056125942,0.05592933512961329,1259522.4721098584,0.48718467256925235,0.05,0.053576696271405044,1189191.516685935,0.45329696853922113,19,-0.0023526388582082447,DCA
2000,28,25.760438056125942,0.05592933512961329,1259522.4721098584,0.48718467256925235,0.1,0.05334314907677462,1182419.435535222,0.4481972814470993,8,-0.002586186052838668,DCA
2000,28,25.760438056125942,0.05592933512961329,1259522.4721098584,0.48718467256925235,0.15,0.05320230676004978,1178353.4171053185,0.44625468064228285,6,-0.002727028369563511,DCA
2000,28,25.760438056125942,0.05592933512961329,1259522.4721098584,0.48718467256925235,0.2,0.05421096260765346,1207771.7318104492,0.4302936537417112,4,-0.0017183725219598323,DCA
2000,28,25.760438056125942,0.05592933512961329,1259522.4721098584,0.48718467256925235,0.25,0.05515541984644523,1235956.6794334715,0.4157798685320235,4,-0.0007739152831680585,DCA
2000,28,25.760438056125942,0.05592933512961329,1259522.4721098584,0.48718467256925235,0.3,0.056282712281064295,1270425.902833428,0.3981593627299976,3,0.00035337715145100645,HYBRID
2005,1,20.758384668035593,0.06363327248220574,899698.2473991713,0.3919793457368699,0.05,0.06130689127407685,859720.1362790149,0.3365588259710564,21,-0.0023263812081288915,DCA
2005,1,20.758384668035593,0.06363327248220574,899698.2473991713,0.3919793457368699,0.1,0.060010680769935876,838184.7079655253,0.335059929700297,7,-0.0036225917122698625,DCA
2005,1,20.758384668035593,0.06363327248220574,899698.2473991713,0.3919793457368699,0.15,0.05931197796808374,826790.3482450723,0.3464881865138479,5,-0.004321294514121998,DCA
2005,1,20.758384668035593,0.06363327248220574,899698.2473991713,0.3919793457368699,0.2,0.06037269182954175,844146.9666095058,0.3645837487982127,3,-0.0032605806526639913,DCA
2005,1,20.758384668035593,0.06363327248220574,899698.2473991713,0.3919793457368699,0.25,0.06125239831627849,858804.2748461607,0.3640661564773365,3,-0.002380874165927249,DCA
2005,1,20.758384668035593,0.06363327248220574,899698.2473991713,0.3919793457368699,0.3,0.06239098828033751,878134.9062484979,0.3111343358734044,2,-0.0012422842018682267,DCA
2005,5,20.758384668035593,0.06358365892909679,898827.4868846112,0.3898225629645504,0.05,0.061259229082101685,858919.0283833215,0.336536868432852,21,-0.002324429846995102,DCA
2005,5,20.758384668035593,0.06358365892909679,898827.4868846112,0.3898225629645504,0.1,0.059976826463070676,837629.1876426557,0.33503753917109763,7,-0.003606832466026111,DCA
2005,5,20.758384668035593,0.06358365892909679,898827.4868846112,0.3898225629645504,0.15,0.059268385395515155,826084.354231482,0.34543602953109,5,-0.004315273533581632,DCA
2005,5,20.758384668035593,0.06358365892909679,898827.4868846112,0.3898225629645504,0.2,0.060338955306225905,843589.6308475953,0.36309334468487914,3,-0.0032447036228708814,DCA
2005,5,20.758384668035593,0.06358365892909679,898827.4868846112,0.3898225629645504,0.25,0.0612189463916093,858242.5095027193,0.36328390497496377,3,-0.00236471253748749,DCA
2005,5,20.758384668035593,0.06358365892909679,898827.4868846112,0.3898225629645504,0.3,0.06235790345078618,877567.4064498466,0.30799382168277,2,-0.0012257554783106084,DCA
2005,10,20.758384668035593,0.06361149561281376,899315.9457945362,0.3913640484750532,0.05,0.06125336504078738,858820.514460296,0.33641800306234043,21,-0.0023581305720263845,DCA
2005,10,20.758384668035593,0.06361149561281376,899315.9457945362,0.3913640484750532,0.1,0.059982271556892064,837718.5133357197,0.3349917097355148,7,-0.003629224055921698,DCA
2005,10,20.758384668035593,0.06361149561281376,899315.9457945362,0.3913640484750532,0.15,0.05924635701954584,825727.8167435827,0.339079831198161,5,-0.004365138593267925,DCA
2005,10,20.758384668035593,0.06361149561281376,899315.9457945362,0.3913640484750532,0.2,0.06029627478200439,842885.0397914988,0.3572951216184515,3,-0.0033152208308093734,DCA
2005,10,20.758384668035593,0.06361149561281376,899315.9457945362,0.3913640484750532,0.25,0.06122347322121935,858318.5090546921,0.366999538632551,3,-0.002388022391594413,DCA
2005,10,20.758384668035593,0.06361149561281376,899315.9457945362,0.3913640484750532,0.3,0.06229573637346708,876502.006710181,0.30914224238401994,2,-0.001315759239346681,DCA
2005,15,20.758384668035593,0.0636059523595951,899218.6564709181,0.38724336061517595,0.05,0.06123184045475116,858459.0008314477,0.33620598461920165,21,-0.002374111904843934,DCA
2005,15,20.758384668035593,0.0636059523595951,899218.6564709181,0.38724336061517595,0.1,0.059963375499827665,837408.5660943196,0.3347744401471999,7,-0.0036425768597674324,DCA
2005,15,20.758384668035593,0.0636059523595951,899218.6564709181,0.38724336061517595,0.15,0.05923366045178158,825522.3845990284,0.33795786760323215,5,-0.004372291907813519,DCA
2005,15,20.758384668035593,0.0636059523595951,899218.6564709181,0.38724336061517595,0.2,0.06023850105450679,841932.1749777172,0.3536691043229997,3,-0.0033674513050883093,DCA
2005,15,20.758384668035593,0.0636059523595951,899218.6564709181,0.38724336061517595,0.25,0.061189957362641545,857755.9734215395,0.3655469482165857,3,-0.002415994996953552,DCA
2005,15,20.758384668035593,0.0636059523595951,899218.6564709181,0.38724336061517595,0.3,0.06228249084517512,876275.1681822399,0.3076714492224694,2,-0.0013234615144199768,DCA
2005,20,20.758384668035593,0.06363000010154307,899640.7895806702,0.37912030124627866,0.05,0.06123099374504948,858444.782980567,0.334416640223556,21,-0.0023990063564935937,DCA
2005,20,20.758384668035593,0.06363000010154307,899640.7895806702,0.37912030124627866,0.1,0.05996675150794473,837463.9338911405,0.3329315516498292,7,-0.003663248593598345,DCA
2005,20,20.758384668035593,0.06363000010154307,899640.7895806702,0.37912030124627866,0.15,0.05919690517991261,824927.9536631838,0.3316407354238084,5,-0.004433094921630465,DCA
2005,20,20.758384668035593,0.06363000010154307,899640.7895806702,0.37912030124627866,0.2,0.06024176050518948,841985.9059495366,0.3531970060900511,3,-0.0033882395963535927,DCA
2005,20,20.758384668035593,0.06363000010154307,899640.7895806702,0.37912030124627866,0.25,0.06113294540703196,856799.8815502482,0.3451579167144576,3,-0.002497054694511114,DCA
2005,20,20.758384668035593,0.06363000010154307,899640.7895806702,0.37912030124627866,0.3,0.06228481411764775,876314.9517353086,0.3018481452626425,2,-0.001345185983895325,DCA
2005,25,20.758384668035593,0.06353329960562792,897944.457826108,0.3886881157798006,0.05,0.06112979168293431,856747.0231396718,0.33693197497550365,21,-0.002403507922693615,DCA
2005,25,20.758384668035593,0.06353329960562792,897944.457826108,0.3886881157798006,0.1,0.05986911589157207,835864.0791919463,0.335387836142688,7,-0.0036641837140558575,DCA
2005,25,20.758384668035593,0.06353329960562792,897944.457826108,0.3886881157798006,0.15,0.05912920467803939,823834.1218502888,0.34280622901648755,5,-0.004404094927588531,DCA
2005,25,20.758384668035593,0.06353329960562792,897944.457826108,0.3886881157798006,0.2,0.06018065885843571,840979.2080901656,0.3736757490195326,3,-0.003352640747192215,DCA
2005,25,20.758384668035593,0.06353329960562792,897944.457826108,0.3886881157798006,0.25,0.061072493360916136,855787.207334457,0.36234352028369754,3,-0.0024608062447117884,DCA
2005,25,20.758384668035593,0.06353329960562792,897944.457826108,0.3886881157798006,0.3,0.062174467181856485,874427.2757068187,0.3153113549566641,2,-0.0013588324237714389,DCA
2005,28,20.758384668035593,0.06348139070212366,897035.1218018311,0.3890820434532749,0.05,0.06109366695623253,856141.7712346859,0.33649789738580277,21,-0.002387723745891135,DCA
2005,28,20.758384668035593,0.06348139070212366,897035.1218018311,0.3890820434532749,0.1,0.05980791925499562,834862.7962412282,0.33498892143261516,7,-0.0036734714471280405,DCA
2005,28,20.758384668035593,0.06348139070212366,897035.1218018311,0.3890820434532749,0.15,0.0590956318621052,823292.200625314,0.3430257940630514,5,-0.004385758840018461,DCA
2005,28,20.758384668035593,0.06348139070212366,897035.1218018311,0.3890820434532749,0.2,0.06014749448677725,840433.2786661537,0.3740206749008018,3,-0.0033338962153464102,DCA
2005,28,20.758384668035593,0.06348139070212366,897035.1218018311,0.3890820434532749,0.25,0.06103966594828836,855237.7699447148,0.36267697689890727,3,-0.002441724753835306,DCA
2005,28,20.758384668035593,0.06348139070212366,897035.1218018311,0.3890820434532749,0.3,0.06214204224699538,873873.3270211507,0.3157113525635928,2,-0.0013393484551282864,DCA
2010,1,15.756331279945243,0.07139373001500982,563172.6423372396,0.336114002145507,0.05,0.0701329690871948,552820.8959062747,0.3347280077290634,21,-0.001260760927815019,DCA
2010,1,15.756331279945243,0.07139373001500982,563172.6423372396,0.336114002145507,0.1,0.06930529622288417,546122.2974153206,0.3323102759416936,8,-0.0020884337921256435,DCA
2010,1,15.756331279945243,0.07139373001500982,563172.6423372396,0.336114002145507,0.15,0.06930436060220879,546114.7683632522,0.3307866675473396,6,-0.002089369412801023,DCA
2010,1,15.756331279945243,0.07139373001500982,563172.6423372396,0.336114002145507,0.2,0.06622576057387386,521860.42864046106,0.2422787063727089,2,-0.005167969441135956,DCA
2010,1,15.756331279945243,0.07139373001500982,563172.6423372396,0.336114002145507,0.25,0.0665559633714281,524412.7401054538,0.2422787063727089,2,-0.004837766643581709,DCA
2010,1,15.756331279945243,0.07139373001500982,563172.6423372396,0.336114002145507,0.3,0.06691717877009662,527218.1510581335,0.22129596947916308,1,-0.004476551244913196,DCA
2010,5,15.756331279945243,0.07131638049535605,562532.3565619659,0.33604326965115805,0.05,0.07005392184868531,552177.8354017386,0.3346906658224631,21,-0.0012624586466707388,DCA
2010,5,15.756331279945243,0.07131638049535605,562532.3565619659,0.33604326965115805,0.1,0.06915585407750213,544920.9499867016,0.3322607862509503,8,-0.002160526417853914,DCA
2010,5,15.756331279945243,0.07131638049535605,562532.3565619659,0.33604326965115805,0.15,0.06923513814740456,545557.9965231086,0.3307489678988682,6,-0.002081242347951484,DCA
2010,5,15.756331279945243,0.07131638049535605,562532.3565619659,0.33604326965115805,0.2,0.06617455329766542,521465.6641417661,0.24221681387832764,2,-0.005141827197690629,DCA
2010,5,15.756331279945243,0.07131638049535605,562532.3565619659,0.33604326965115805,0.25,0.06650488864528015,524017.1938327485,0.24221681387832764,2,-0.0048114918500759,DCA
2010,5,15.756331279945243,0.07131638049535605,562532.3565619659,0.33604326965115805,0.3,0.06686627858645333,526821.9813775788,0.2188878930896754,1,-0.004450101908902715,DCA
2010,10,15.756331279945243,0.07118651582852586,561458.8925484705,0.33588097439828096,0.05,0.06987133443097115,550695.1378209736,0.3344773757404029,21,-0.00131518139755471,DCA
2010,10,15.756331279945243,0.07118651582852586,561458.8925484705,0.33588097439828096,0.1,0.06907609652309477,544280.801978007,0.3321752133357666,8,-0.0021104193054310993,DCA
2010,10,15.756331279945243,0.07118651582852586,561458.8925484705,0.33588097439828096,0.15,0.06893622879846495,543159.8994735838,0.33021302077083037,6,-0.0022502870300609157,DCA
2010,10,15.756331279945243,0.07118651582852586,561458.8925484705,0.33588097439828096,0.2,0.06609206796816758,520830.36051257275,0.2420600346450081,2,-0.0050944478603582866,DCA
2010,10,15.756331279945243,0.07118651582852586,561458.8925484705,0.33588097439828096,0.25,0.06642264248680552,523380.8287792306,0.2420600346450081,2,-0.004763873341720348,DCA
2010,10,15.756331279945243,0.07118651582852586,561458.8925484705,0.33588097439828096,0.3,0.06678428609918319,526184.3982453439,0.21881952670586097,1,-0.004402229729342677,DCA
2010,15,15.756331279945243,0.07103596169292903,560216.8102945286,0.3351681294816526,0.05,0.06977444331402749,549909.8504952233,0.33411325955491616,21,-0.0012615183789015383,DCA
2010,15,15.756331279945243,0.07103596169292903,560216.8102945286,0.3351681294816526,0.1,0.06897249784146298,543450.3524475395,0.3318036941321772,8,-0.002063463851466052,DCA
2010,15,15.756331279945243,0.07103596169292903,560216.8102945286,0.3351681294816526,0.15,0.06884494719703604,542429.5333060174,0.32983336499332594,6,-0.0021910144958929845,DCA
2010,15,15.756331279945243,0.07103596169292903,560216.8102945286,0.3351681294816526,0.2,0.06590197896860905,519369.0502996033,0.24120058316281,2,-0.005133982724319974,DCA
2010,15,15.756331279945243,0.07103596169292903,560216.8102945286,0.3351681294816526,0.25,0.06628470486907645,522315.18547043175,0.24120058316281,2,-0.004751256823852579,DCA
2010,15,15.756331279945243,0.07103596169292903,560216.8102945286,0.3351681294816526,0.3,0.06669112928203069,525460.8769650812,0.22038940087712028,1,-0.004344832410898336,DCA
2010,20,15.756331279945243,0.07100486562576003,559960.5864033403,0.3324708358517002,0.05,0.06973231404923697,549568.7266496584,0.33152643513340313,21,-0.0012725515765230622,DCA
2010,20,15.756331279945243,0.07100486562576003,559960.5864033403,0.3324708358517002,0.1,0.06894331180583402,543216.6108165962,0.32925552883739584,8,-0.0020615538199260097,DCA
2010,20,15.756331279945243,0.07100486562576003,559960.5864033403,0.3324708358517002,0.15,0.06881577020125174,542196.2751559556,0.3272706603009885,6,-0.0021890954245082916,DCA
2010,20,15.756331279945243,0.07100486562576003,559960.5864033403,0.3324708358517002,0.2,0.06587278698063392,519144.9771503506,0.23928376711080537,2,-0.005132078645126104,DCA
2010,20,15.756331279945243,0.07100486562576003,559960.5864033403,0.3324708358517002,0.25,0.06625551078122749,522089.9059268316,0.23928376711080537,2,-0.004749354844532538,DCA
2010,20,15.756331279945243,0.07100486562576003,559960.5864033403,0.3324708358517002,0.3,0.06666193918216146,525234.3579298074,0.22030081826609327,1,-0.0043429264435985715,DCA
2010,25,15.756331279945243,0.07103760637543455,560230.3651277993,0.33612325973995427,0.05,0.06966308386459175,549008.5949802723,0.3353328074699321,20,-0.0013745225108428016,DCA
2010,25,15.756331279945243,0.07103760637543455,560230.3651277993,0.33612325973995427,0.1,0.06884338591205763,542417.0490914962,0.33281144691262543,8,-0.002194220463376917,DCA
2010,25,15.756331279945243,0.07103760637543455,560230.3651277993,0.33612325973995427,0.15,0.06880766047750919,542131.4579169721,0.33070283750046964,6,-0.002229945897925356,DCA
2010,25,15.756331279945243,0.07103760637543455,560230.3651277993,0.33612325973995427,0.2,0.0658777760199778,519183.26582316466,0.24224684025343063,2,-0.0051598303554567515,DCA
2010,25,15.756331279945243,0.07103760637543455,560230.3651277993,0.33612325973995427,0.25,0.06626031636114571,522126.9824803424,0.24224684025343063,2,-0.0047772900142888375,DCA
2010,25,15.756331279945243,0.07103760637543455,560230.3651277993,0.33612325973995427,0.3,0.06655470402937236,524402.9838174436,0.2198195901927372,1,-0.00448290234606219,DCA
2010,28,15.756331279945243,0.07090585991120357,559145.5346330501,0.3359321796832289,0.05,0.06958208848699243,548353.9514814535,0.33459666341909644,20,-0.0013237714242111398,DCA
2010,28,15.756331279945243,0.07090585991120357,559145.5346330501,0.3359321796832289,0.1,0.06873029143456244,541513.4480050456,0.3321439425312975,8,-0.002175568476641132,DCA
2010,28,15.756331279945243,0.07090585991120357,559145.5346330501,0.3359321796832289,0.15,0.06873208911013373,541527.8000219578,0.33059801132919997,6,-0.002173770801069841,DCA
2010,28,15.756331279945243,0.07090585991120357,559145.5346330501,0.3359321796832289,0.2,0.06579978452985946,518585.01796326373,0.24202073573133775,2,-0.005106075381344111,DCA
2010,28,15.756331279945243,0.07090585991120357,559145.5346330501,0.3359321796832289,0.25,0.06618264976769228,521528.0624124839,0.24202073573133775,2,-0.004723210143511292,DCA
2010,28,15.756331279945243,0.07090585991120357,559145.5346330501,0.3359321796832289,0.3,0.06647726419309552,523803.3737619403,0.21983878279844288,1,-0.004428595718108053,DCA
2015,1,10.76249144421629,0.07309020089429885,277757.3150343662,0.3309236211334253,0.05,0.06996533973406271,269174.9239589832,0.3270668040718187,12,-0.0031248611602361365,DCA
2015,1,10.76249144421629,0.07309020089429885,277757.3150343662,0.3309236211334253,0.1,0.0698598119102043,268889.33880884154,0.3208442991526411,6,-0.0032303889840945565,DCA
2015,1,10.76249144421629,0.07309020089429885,277757.3150343662,0.3309236211334253,0.15,0.07268467119766986,276629.69242092216,0.31734606068357013,4,-0.0004055296966289923,DCA
2015,1,10.76249144421629,0.07309020089429885,277757.3150343662,0.3309236211334253,0.2,0.07283151461780624,277037.52719080163,0.2229947831567088,2,-0.00025868627649261455,DCA
2015,1,10.76249144421629,0.07309020089429885,277757.3150343662,0.3309236211334253,0.25,0.07374606135310646,279589.8386557943,0.2229947831567088,2,0.0006558604588076111,HYBRID
2015,1,10.76249144421629,0.07309020089429885,277757.3150343662,0.3309236211334253,0.3,0.07192660308546439,274532.925577515,0.1922691608519632,1,-0.00116359780883446,DCA
2015,5,10.76249144421629,0.072885682526584,277188.10778471356,0.3307305386524248,0.05,0.06980503221630019,268741.1994066359,0.3269658272510076,12,-0.0030806503102838168,DCA
2015,5,10.76249144421629,0.072885682526584,277188.10778471356,0.3307305386524248,0.1,0.06973975838039159,268564.7776150376,0.3207405256165375,6,-0.0031459241461924137,DCA
2015,5,10.76249144421629,0.072885682526584,277188.10778471356,0.3307305386524248,0.15,0.07251117434605425,276148.5337800994,0.3172417532843291,4,-0.00037450818052975343,DCA
2015,5,10.76249144421629,0.072885682526584,277188.10778471356,0.3307305386524248,0.2,0.07271369206171552,276710.25015289185,0.2228288739538954,2,-0.0001719904648684878,DCA
2015,5,10.76249144421629,0.072885682526584,277188.10778471356,0.3307305386524248,0.25,0.07362893616075139,279261.7798438742,0.2228288739538954,2,0.0007432536341673845,HYBRID
2015,5,10.76249144421629,0.072885682526584,277188.10778471356,0.3307305386524248,0.3,0.07180818835928449,274206.7031971396,0.19208699728395773,1,-0.0010774941672995197,DCA
2015,10,10.76249144421629,0.0727043339217861,276684.2709821934,0.3303084611085428,0.05,0.06957931748206403,268131.5851448567,0.32640401110597794,12,-0.0031250164397220725,DCA
2015,10,10.76249144421629,0.0727043339217861,276684.2709821934,0.3303084611085428,0.1,0.06962840748725396,268264.061440197,0.3205240291923678,6,-0.003075926434532139,DCA
2015,10,10.76249144421629,0.0727043339217861,276684.2709821934,0.3303084611085428,0.15,0.07223861020422717,275394.16487657843,0.31593626958525756,4,-0.00046572371755893016,DCA
2015,10,10.76249144421629,0.0727043339217861,276684.2709821934,0.3303084611085428,0.2,0.07260241255422395,276401.4698866526,0.22259356378015244,2,-0.0001019213675621522,DCA
2015,10,10.76249144421629,0.0727043339217861,276684.2709821934,0.3303084611085428,0.25,0.07351820027604394,278951.9381533103,0.22259356378015244,2,0.0008138663542578417,HYBRID
2015,10,10.76249144421629,0.0727043339217861,276684.2709821934,0.3303084611085428,0.3,0.07169632593120556,273898.8548548263,0.19185262569043357,1,-0.0010080079905805395,DCA
2015,15,10.76249144421629,0.07259407256661166,276378.3405423836,0.3284205383378182,0.05,0.06950195173099138,267922.9232189221,0.32542780462937576,12,-0.003092120835620271,DCA
2015,15,10.76249144421629,0.07259407256661166,276378.3405423836,0.3284205383378182,0.1,0.06951485014713432,267957.7010954959,0.31954458650015966,6,-0.0030792224194773343,DCA
2015,15,10.76249144421629,0.07259407256661166,276378.3405423836,0.3284205383378182,0.15,0.07216267987137703,275184.3475735766,0.3149624622196124,4,-0.00043139269523462254,DCA
2015,15,10.76249144421629,0.07259407256661166,276378.3405423836,0.3284205383378182,0.2,0.07225919918209112,275451.08313520276,0.2207473195722382,2,-0.00033487338452053983,DCA
2015,15,10.76249144421629,0.07259407256661166,276378.3405423836,0.3284205383378182,0.25,0.07331966717482441,278397.21830603114,0.2207473195722382,2,0.000725594608212754,HYBRID
2015,15,10.76249144421629,0.07259407256661166,276378.3405423836,0.3284205383378182,0.3,0.0716202081745545,273689.5560672983,0.19061115098133982,1,-0.0009738643920571555,DCA
2015,20,10.76249144421629,0.07261962869159078,276449.22107055347,0.32544077467643184,0.05,0.06947335791612774,267845.8405868696,0.3227443673329724,12,-0.0031462707754630337,DCA
2015,20,10.76249144421629,0.07261962869159078,276449.22107055347,0.32544077467643184,0.1,0.06950891705147666,267941.7032376407,0.3169658181279684,6,-0.0031107116401141166,DCA
2015,20,10.76249144421629,0.07261962869159078,276449.22107055347,0.32544077467643184,0.15,0.07215583628933153,275165.4439174803,0.31234684264002055,4,-0.00046379240225924434,DCA
2015,20,10.76249144421629,0.07261962869159078,276449.22107055347,0.32544077467643184,0.2,0.07225230077349099,275432.01128622977,0.21877078598564326,2,-0.00036732791809979126,DCA
2015,20,10.76249144421629,0.07261962869159078,276449.22107055347,0.32544077467643184,0.25,0.07331240283664164,278376.9400627108,0.21877078598564326,2,0.0006927741450508673,HYBRID
2015,20,10.76249144421629,0.07261962869159078,276449.22107055347,0.32544077467643184,0.3,0.07161354072590664,273671.22968932526,0.18893695528815171,1,-0.0010060879656841326,DCA
2015,25,10.76249144421629,0.07259964674089825,276393.799243199,0.33089678589757315,0.05,0.06931702685088781,267424.7619708426,0.32862457265525513,12,-0.003282619890010441,DCA
2015,25,10.76249144421629,0.07259964674089825,276393.799243199,0.33089678589757315,0.1,0.06925818885146251,267266.43707513093,0.3220556207005748,6,-0.0033414578894357394,DCA
2015,25,10.76249144421629,0.07259964674089825,276393.799243199,0.33089678589757315,0.15,0.07209165674201667,274988.22154193494,0.3170206437360942,4,-0.000507989998881575,DCA
2015,25,10.76249144421629,0.07259964674089825,276393.799243199,0.33089678589757315,0.2,0.07222210677146279,275348.5488165477,0.22297213340617994,2,-0.00037753996943545864,DCA
2015,25,10.76249144421629,0.07259964674089825,276393.799243199,0.33089678589757315,0.25,0.07328206440752694,278292.2654737255,0.22297213340617994,2,0.0006824176666286874,HYBRID
2015,25,10.76249144421629,0.07259964674089825,276393.799243199,0.33089678589757315,0.3,0.07126736593321192,272721.24959800986,0.19226583220353757,1,-0.0013322808076863257,DCA
2015,28,10.76249144421629,0.07252207919115472,276178.7538030926,0.33040062055452285,0.05,0.06924755572782115,267237.833887089,0.32663801794287994,12,-0.0032745234633335674,DCA
2015,28,10.76249144421629,0.07252207919115472,276178.7538030926,0.33040062055452285,0.1,0.06909545949239848,266828.9976011592,0.32028880913715546,6,-0.003426619698756239,DCA
2015,28,10.76249144421629,0.07252207919115472,276178.7538030926,0.33040062055452285,0.15,0.07204115602849614,274848.84404709045,0.3167671260796158,4,-0.00048092316265857527,DCA
2015,28,10.76249144421629,0.07252207919115472,276178.7538030926,0.33040062055452285,0.2,0.07217164564681999,275209.11503216164,0.22267756852223908,2,-0.0003504335443347273,DCA
2015,28,10.76249144421629,0.07252207919115472,276178.7538030926,0.33040062055452285,0.25,0.07323184682381023,278152.15948138176,0.22267756852223908,2,0.0007097676326555113,HYBRID
2015,28,10.76249144421629,0.07252207919115472,276178.7538030926,0.33040062055452285,0.3,0.07121663907352449,272582.29544855794,0.19196710084622542,1,-0.00130544011763023,DCA
2020,1,5.763175906913073,0.0806623105014479,109461.01376054216,0.28520312320294416,0.05,0.0737529078313155,105488.53533706517,0.23695815889992838,7,-0.006909402670132403,DCA
2020,1,5.763175906913073,0.0806623105014479,109461.01376054216,0.28520312320294416,0.1,0.06993688065945713,103346.1418829078,0.23776573132307463,3,-0.010725429841990763,DCA
2020,1,5.763175906913073,0.0806623105014479,109461.01376054216,0.28520312320294416,0.15,0.07840551984841104,108150.13385090824,0.23455506474676505,3,-0.0022567906530368553,DCA
2020,1,5.763175906913073,0.0806623105014479,109461.01376054216,0.28520312320294416,0.2,0.07250905200994118,104786.21579686795,0.19019820003479687,2,-0.00815325849150672,DCA
2020,1,5.763175906913073,0.0806623105014479,109461.01376054216,0.28520312320294416,0.25,0.07699691354846694,107338.52726186064,0.19019820003479687,2,-0.0036653969529809594,DCA
2020,1,5.763175906913073,0.0806623105014479,109461.01376054216,0.28520312320294416,0.3,0.05537473665227255,95498.14471360733,0.15503921920545102,1,-0.02528757384917535,DCA
2020,5,5.763175906913073,0.07997394966303806,109059.78811691779,0.26010436715014196,0.05,0.07317718461540546,105162.98213484832,0.21483638980747963,7,-0.0067967650476326025,DCA
2020,5,5.763175906913073,0.07997394966303806,109059.78811691779,0.26010436715014196,0.1,0.06954883355305408,103130.31411572825,0.21558956344748056,3,-0.010425116109983978,DCA
2020,5,5.763175906913073,0.07997394966303806,109059.78811691779,0.26010436715014196,0.15,0.07776191802111199,107778.67830990496,0.22372607321414306,3,-0.002212031641926071,DCA
2020,5,5.763175906913073,0.07997394966303806,109059.78811691779,0.26010436715014196,0.2,0.07212437766035729,104569.80081190536,0.17646725042055814,2,-0.007849572002680771,DCA
2020,5,5.763175906913073,0.07997394966303806,109059.78811691779,0.26010436715014196,0.25,0.07661845899251518,107121.33050288775,0.17646725042055814,2,-0.003355490670522876,DCA
2020,5,5.763175906913073,0.07997394966303806,109059.78811691779,0.26010436715014196,0.3,0.054965358749371473,95284.85332788307,0.14072088936334762,1,-0.025008590913666584,DCA
2020,10,5.763175906913073,0.07917477883245905,108595.50004635715,0.2237260732141432,0.05,0.07236845018329596,104707.07135225117,0.18351144387947968,7,-0.006806328649163085,DCA
2020,10,5.763175906913073,0.07917477883245905,108595.50004635715,0.2237260732141432,0.1,0.0690952587380087,102878.51284889331,0.1841704658025372,3,-0.010079520094450345,DCA
2020,10,5.763175906913073,0.07917477883245905,108595.50004635715,0.2237260732141432,0.15,0.07654496440828673,107079.19378123831,0.18529154718402355,3,-0.0026298144241723165,DCA
2020,10,5.763175906913073,0.07917477883245905,108595.50004635715,0.2237260732141432,0.2,0.07167502890967459,104317.4684021037,0.1747017727644944,2,-0.00749974992278446,DCA
2020,10,5.763175906913073,0.07917477883245905,108595.50004635715,0.2237260732141432,0.25,0.0761761304483084,106867.93666876147,0.1747017727644944,2,-0.0029986483841506484,DCA
2020,10,5.763175906913073,0.07917477883245905,108595.50004635715,0.2237260732141432,0.3,0.05448729944483466,95036.2765035054,0.1215602132250407,1,-0.02468747938762439,DCA
2020,15,5.763175906913073,0.0793968986085749,108724.37900952154,0.26741579670126847,0.05,0.07244604638000052,104750.74396129501,0.23726257783919752,7,-0.006950852228574389,DCA
2020,15,5.763175906913073,0.0793968986085749,108724.37900952154,0.26741579670126847,0.1,0.06899586936201718,102823.40493658258,0.2174178315432718,3,-0.010401029246557725,DCA
2020,15,5.763175906913073,0.0793968986085749,108724.37900952154,0.26741579670126847,0.15,0.07661934498532941,107121.83855359806,0.18209582478364436,3,-0.002777553623245499,DCA
2020,15,5.763175906913073,0.0793968986085749,108724.37900952154,0.26741579670126847,0.2,0.07043030147654616,103621.11640697774,0.1408307998422022,2,-0.008966597132028742,DCA
2020,15,5.763175906913073,0.0793968986085749,108724.37900952154,0.26741579670126847,0.25,0.07565012350326361,106567.25157780612,0.14676609376791633,2,-0.003746775105311295,DCA
2020,15,5.763175906913073,0.0793968986085749,108724.37900952154,0.26741579670126847,0.3,0.054578838875508184,95083.83278949006,0.13381374588162806,1,-0.024818059733066722,DCA
2020,20,5.763175906913073,0.08012407939138844,109147.19059119835,0.29262754096222315,0.05,0.07267790776791161,104881.32965183636,0.26488281435536176,7,-0.007446171623476827,DCA
2020,20,5.763175906913073,0.08012407939138844,109147.19059119835,0.29262754096222315,0.1,0.06934278620510725,103015.86422813877,0.24571085751863492,3,-0.010781293186281182,DCA
2020,20,5.763175906913073,0.08012407939138844,109147.19059119835,0.29262754096222315,0.15,0.0769518036631025,107312.61940728035,0.21158636034019618,3,-0.0031722757282859337,DCA
2020,20,5.763175906913073,0.08012407939138844,109147.19059119835,0.29262754096222315,0.2,0.0707744260865033,103813.24853802002,0.16494117179037124,2,-0.00934965330488513,DCA
2020,20,5.763175906913073,0.08012407939138844,109147.19059119835,0.29262754096222315,0.25,0.07598426357457311,106758.17731450102,0.16494117179037124,2,-0.004139815816815329,DCA
2020,20,5.763175906913073,0.08012407939138844,109147.19059119835,0.29262754096222315,0.3,0.05495492732257712,95279.42356288517,0.1458042609573798,1,-0.025169152068811318,DCA
2020,25,5.763175906913073,0.07932151270034837,108680.62422189556,0.2852031232029443,0.05,0.07222728408809553,104627.65899151818,0.2852031232029443,7,-0.00709422861225284,DCA
2020,25,5.763175906913073,0.07932151270034837,108680.62422189556,0.2852031232029443,0.1,0.06867981882715357,102648.32814900184,0.28520312320294416,3,-0.010641693873194802,DCA
2020,25,5.763175906913073,0.07932151270034837,108680.62422189556,0.2852031232029443,0.15,0.07650796790032888,107057.98772137893,0.23466771713864565,3,-0.0028135448000194963,DCA
2020,25,5.763175906913073,0.07932151270034837,108680.62422189556,0.2852031232029443,0.2,0.07032076138505916,103560.01953101336,0.19040951182367002,2,-0.009000751315289213,DCA
2020,25,5.763175906913073,0.07932151270034837,108680.62422189556,0.2852031232029443,0.25,0.07553885523001602,106503.73618819108,0.19040951182367002,2,-0.0037826574703323512,DCA
2020,25,5.763175906913073,0.07932151270034837,108680.62422189556,0.2852031232029443,0.3,0.05279849384672031,94162.43378313642,0.15532873227996521,1,-0.026523018853628066,DCA
2020,28,5.763175906913073,0.07905492602379405,108526.01117394175,0.2852031232029442,0.05,0.07198150852450547,104489.51781532296,0.2138192811957938,7,-0.007073417499288581,DCA
2020,28,5.763175906913073,0.07905492602379405,108526.01117394175,0.2852031232029442,0.1,0.0679774117624139,102260.11054047094,0.21470636644656124,3,-0.01107751426138015,DCA
2020,28,5.763175906913073,0.07905492602379405,108526.01117394175,0.2852031232029442,0.15,0.07635206037536091,106968.66108406943,0.23529386479752978,3,-0.0027028656484331393,DCA
2020,28,5.763175906913073,0.07905492602379405,108526.01117394175,0.2852031232029442,0.2,0.0701620615929015,103471.5562488438,0.19158403088792336,2,-0.008892864430892544,DCA
2020,28,5.763175906913073,0.07905492602379405,108526.01117394175,0.2852031232029442,0.25,0.07538261232872623,106414.600698064,0.19158403088792336,2,-0.0036723136950678192,DCA
2020,28,5.763175906913073,0.07905492602379405,108526.01117394175,0.2852031232029442,0.3,0.05263084052809108,94076.04810583623,0.15693791190586848,1,-0.026424085495702965,DCA
